<?xml version='1.0' encoding='UTF-8'?>
<?artifactRepository version='1.1.0'?>
<repository name='download cache' type='org.eclipse.equinox.p2.artifact.repository.simpleRepository' version='1.0.0'>
  <properties size='2'>
    <property name='p2.system' value='true'/>
    <property name='p2.timestamp' value='1284708707198'/>
  </properties>
  <mappings size='3'>
    <rule filter='(&amp; (classifier=osgi.bundle))' output='${repoUrl}/plugins/${id}_${version}.jar'/>
    <rule filter='(&amp; (classifier=binary))' output='${repoUrl}/binary/${id}_${version}'/>
    <rule filter='(&amp; (classifier=org.eclipse.update.feature))' output='${repoUrl}/features/${id}_${version}.jar'/>
  </mappings>
  <artifacts size='5'>
    <artifact classifier='binary' id='org.eclipse.rcp.configuration_root.win32.win32.x86' version='1.0.0.M20100909-0800'>
      <properties size='1'>
        <property name='download.size' value='23179'/>
      </properties>
    </artifact>
    <artifact classifier='binary' id='org.eclipse.jdt_root' version='3.6.1.r361_v20100714-0800-7z8XFUSFLFlmgLc5z-Bvrt8-HVkH'>
      <properties size='1'>
        <property name='download.size' value='8825'/>
      </properties>
    </artifact>
    <artifact classifier='binary' id='org.eclipse.rcp_root' version='3.6.1.r361_v20100827-9OArFLdFjY-ThSQXmKvKz0_T'>
      <properties size='1'>
        <property name='download.size' value='51300'/>
      </properties>
    </artifact>
    <artifact classifier='binary' id='org.eclipse.platform_root' version='3.6.1.r361_v20100909-9gF78GrkFqw7GrsZnvz0JWNTeb6fue6896L'>
      <properties size='1'>
        <property name='download.size' value='51300'/>
      </properties>
    </artifact>
    <artifact classifier='binary' id='org.eclipse.cvs_root' version='1.2.0.v20100427-7B77FKt90GE5h0SBT5FV9A01911'>
      <properties size='1'>
        <property name='download.size' value='8825'/>
      </properties>
    </artifact>
  </artifacts>
</repository>
