<?xml version="1.0" encoding="UTF-8"?>
<feature
      id="org.eclipse.cvs"
      label="%featureName"
      version="1.2.0.v20100427-7B77FKt90GE5h0SBT5FV9A01911"
      provider-name="%providerName">

   <description>
      %description
   </description>
   
   <copyright>
      %copyright
   </copyright>   

   <license url="%licenseURL">
      %license
   </license>

   <url>
      <update label="%updateSiteName" url="http://download.eclipse.org/eclipse/updates/3.6"/>
      <discovery label="%updateSiteName" url="http://download.eclipse.org/eclipse/updates/3.6"/>
      <discovery label="%secondaryUpdateSiteName" url="http://download.eclipse.org/releases/helios"/>
   </url>

   <requires>
      <import feature="org.eclipse.platform" version="3.6.0" match="greaterOrEqual"/>
   </requires>

   <plugin
         id="org.eclipse.cvs"
         download-size="0"
         install-size="0"
         version="1.0.500.v201009090800"
         unpack="false"/>

   <plugin
         id="org.eclipse.team.cvs.core"
         download-size="0"
         install-size="0"
         version="3.3.300.I20100526-0800"
         unpack="false"/>   

   <plugin
         id="org.eclipse.team.cvs.ssh2"
         download-size="0"
         install-size="0"
         version="3.2.300.I20100526-0800"
         unpack="false"/>

   <plugin
         id="org.eclipse.team.cvs.ui"
         download-size="0"
         install-size="0"
         version="3.3.301.R36x_v20100825-0800"
         unpack="false"/>

</feature>
